alias,ticker,kind
FII AFHI CRI,AFHI11,fii
FII AFHF,AFHF11,fii
FII A TOWN,ATWN11,fii
FII AJ MALLS,AJFI11,fii
FII ALIANZAC,ALZC11,fii
FII MULT OF1,MTOF11,fii
FII ALIANZA,ALZR11,fii
FII ALI URB,AURB11,fii
FII APEX MS,APXM11,fii
FII APXU,APXU11,fii
FII AUTONOMY,AIEC11,fii
FII AROA,AROA11,fii
FII EIRA,EIRA11,fii
FII ARTE,ARTE11,fii
FII ARXD R,ARXD11,fii
FII AZPE,AZPE11,fii
FII AZPL,AZPL11,fii
FII CEBB,CEBB11,fii
FII BEES CRI,BCRI11,fii
FII BANRISUL,BNFS11,fii
FII BR MALLS,BTML11,fii
FII BARZEL,BZEL11,fii
FII BPDR,BPDR11,fii
FII BASILICA,BPLC11,fii
FII BPMW,BPMW11,fii
FII BB FOF,BBFO11,fii
FII BB PROGR,BBFI11,fii
FII BBIG,BBIG11,fii
FII BB CORP,BBRC11,fii
FII BINR,BINR11,fii
FII BGRB,BGRB11,fii
FII BLOG,BLOG11,fii
FII BLUE LOG,BLMG11,fii
FII BMBRC LC,BMLC11,fii
FII BR7 SENA,BRSE11,fii
FII BCIA,BCIA11,fii
FII ABSOLUTO,BPFF11,fii
FII B VAREJO,BVAR11,fii
FII DEA CARE,CARE11,fii
FII ATHENA I,FATN11,fii
FII RTEL,RTEL11,fii
FII BRCD,BRCD11,fii
FII BRESCO,BRCO11,fii
FII BRIO CRE,BICE11,fii
FII BRIO ME,BIME11,fii
FII BRIO II,BRIM11,fii
FII BRIO III,BRIP11,fii
FII BRIO IV,BIPD11,fii
FII BRIO V,BIPE11,fii
FII BROF,BROF11,fii
FII BETW,BETW11,fii
FII BS2,LLAO11,fii
FII BTHR,BTHR11,fii
BTG HOTEL FI,BTHI11,fii
FII BTG AGRO,BTAL11,fii
FII BC FUND,BRCR11,fii
FII BTG CRI,BTCI11,fii
FII BTLG,BTLG11,fii
FII BTHF,BTHF11,fii
FII BTG SHOP,BPML11,fii
FII BTG TAGR,BTRA11,fii
FII BTYU,BTYU11,fii
FII BTOWERS,BTWR11,fii
FII BTSP I,BTSG11,fii
FII BTSP II,BTSI11,fii
FII CEF CORP,CXCO11,fii
FII CX RBRA2,CRFF11,fii
FII CX RBRAV,CXRI11,fii
FII CANUMA,CCME11,fii
FII CCVA,CCVA11,fii
FII CPHBC UR,CPUR11,fii
FII CPLG,CPLG11,fii
FII CPOF,CPOF11,fii
FII CAPI SEC,CPTS11,fii
FII CPSH,CPSH11,fii
CARTESIA FII,CACR11,fii
FII CBOP PAX,CBOP11,fii
FII BLCA VBI,BLCA11,fii
FII CENESP,CNES11,fii
FII CDHY,CDHY11,fii
FII C TEXTIL,CTXT11,fii
FII CENU,CENU11,fii
FII CF2,CFHI11,fii
FII CF3 IMOB,CFII11,fii
FII CJCTOWER,CJCT11,fii
FII CIXM,CIXM11,fii
FII CIXF,CIXF11,fii
FII CLAVE IN,CLIN11,fii
FII COSMIC,CSMC11,fii
FII RENV,RENV11,fii
FII BREI,IBCR11,fii
FII CVPAR,CVPR11,fii
FII CYRELA,CYCR11,fii
FII CYLD,CYLD11,fii
FII DAMA,DAMA11,fii
FII DAYC REM,DAYM11,fii
FII ASA RET,ASRF11,fii
FII DEL MONT,DLMT11,fii
FII DEVA PRO,DPRO11,fii
FII DEVANT,DEVA11,fii
FII DIAMANTE,DAMT11,fii
FII DOVEL,DOVL11,fii
FII EDGE,EDGE11,fii
FII EMET,EMET11,fii
FII ENERGY,EGYR11,fii
FII EQI RECE,EQIR11,fii
FII ESTOQ RJ,ERCR11,fii
FII EUROPA,ERPA11,fii
FII EVEN II,KEVE11,fii
FII EXES,EXES11,fii
FII FL RECEB,FLCR11,fii
FII FATOR VE,VRTA11,fii
FII VRTM,VRTM11,fii
FII FTRE,FTRE11,fii
FII S F LIMA,FLMA11,fii
FII EGDB,EGDB11,fii
FII ELDORADO,ELDO11,fii
FII EUROPAR,EURO11,fii
FII HYPI,HYPI11,fii
FII HIRE RES,HRES11,fii
FII INDL BR,FIIB11,fii
FII MEMORIAL,FMOF11,fii
FII PATRI IV,OPTM11,fii
FII TORRE AL,ALMI11,fii
FII FLNR,FLNR11,fii
FII JCIN,JCIN11,fii
FII HLMB,HLMB11,fii
FII KINEAFOF,KFOF11,fii
FII DEVA FOF,DVFF11,fii
FII ANCAR IC,ANCR11,fii
FII ANH EDUC,FAED11,fii
FII CAMPUSFL,FCFL11,fii
FII CEO CCP,CEOC11,fii
FII ALMIRANT,FAMB11,fii
FII GALERIA,EDGA11,fii
FII FYTO,FYTO11,fii
FII CRIANCA,HCRI11,fii
FII LOURDES,NSLU11,fii
FII MAX RET,MAXR11,fii
FII D PEDRO,PQDP11,fii
FII RBR III,RBRI11,fii
FII RBRDESIV,RDIV11,fii
FII RBRHGRAD,RBRR11,fii
FII REC RECE,RECR11,fii
FII REC REND,RECT11,fii
FII SHOP PDP,SHDP11,fii
FII TORRE NO,TRNT11,fii
FII APXR,APXR11,fii
FII BRHOTEIS,BRHT11,fii
FII BRCQ,BRCQ11,fii
FII CAIXA AG,CXAG11,fii
FII CAIXA CI,CXCI11,fii
FII CX CEDAE,CXCE11,fii
FII CX TRX,CXTL11,fii
FII IDUA,IDUA11,fii
FII DEV ONE,LKDV11,fii
FII OURINVES,EDFO11,fii
FII NOVOHORI,NVHO11,fii
FII G TOWERS,GTWR11,fii
FII HBC REN,HBCR11,fii
FII UNIMED C,HUCG11,fii
FII H UNIMED,HUSC11,fii
FII HOUSI,HOSI11,fii
FII INFRA RE,FINF11,fii
FII IRIDIUM,IRDM11,fii
FII BLUE,BLUE11,fii
FII MAUA MPD,MMPD11,fii
FII MAUA,MCCI11,fii
FII OURILOG,OULG11,fii
FII WTC SP,WTSP11,fii
FII PANAMBY,PABY11,fii
FII VOTP V,VTPA11,fii
FII P NEGRA,FPNG11,fii
FII PLUS,VTPL11,fii
FII POLO II,ESTQ11,fii
FII POLO SHO,VPSI11,fii
FII RBR PCRI,RBRY11,fii
FII PULV,PULV11,fii
FII RBR PROP,RBRP11,fii
FII REC LOG,RELG11,fii
FII RIZA TX,RZTR11,fii
FII ROOFTOPI,ROOF11,fii
FII HOMS,HOMS11,fii
FII SC 401,FISC11,fii
FII SIA CORP,SAIC11,fii
FII SMRE,SMRE11,fii
FII SOFF,SOFF11,fii
FII S VAREJO,SPVJ11,fii
FII TG ATIVO,TGAR11,fii
FII TGRU,TGRU11,fii
FII LVBI VBI,LVBI11,fii
FII PVBI VBI,PVBI11,fii
FII BARI VBI,BARI11,fii
FII VEREDA,VERE11,fii
FII VIDANOVA,FIVN11,fii
FII VOT LOG,VTLT11,fii
FII VOTP XII,VTXI11,fii
FII VOT SHOP,VSHO11,fii
FII XPRE,XPRE11,fii
FII BMLT,BMLT11,fii
FII FIIC,FIIC11,fii
FII BSLT,BSLT11,fii
FII TOUR V,TCIN11,fii
FII GLCR,GLCR11,fii
FII GCDL,GCDL11,fii
FII GFDL,GFDL11,fii
FII GLPF,GLPF11,fii
FII GLPG CRI,GCRI11,fii
FII GALAP SP,GCOI11,fii
FII GAZIT,GZIT11,fii
FII GEN SHOP,FIGS11,fii
FII GENERAL,GSFI11,fii
FII VX XVI,VXXV11,fii
FII PLURAL L,GLOG11,fii
FII GGRCOVEP,GGRC11,fii
FII ABC IMOB,ABCP11,fii
FII GP RCFA,RCFA11,fii
FII GUARD MU,GAME11,fii
FII GUARDIAN,GARE11,fii
FII HABIT II,HABT11,fii
FII HAZ,ATCR11,fii
FII HCTB,HCTB11,fii
FII AERO,AERO11,fii
FII HECTARE,HCTR11,fii
FII HECT DES,HCST11,fii
FII HECT CRI,HCHG11,fii
FII HEDGEAAA,HAAA11,fii
FII HATRIUM,ATSA11,fii
FII HGBL,HGBL11,fii
FII HEDGEBS,HGBS11,fii
FII HEDGE DV,HDEL11,fii
FII FLORIPA,FLRP11,fii
FII HEDGELOG,HLOG11,fii
FII HOFFICEI,HOFC11,fii
FII HEDGE OF,HDOF11,fii
FII HREALTY,HRDF11,fii
FII HEDGEREC,HREC11,fii
FII HEDGE SD,SEED11,fii
FII HEDGEPDP,HPDP11,fii
FII HTOPFOF3,HFOF11,fii
FII YEES,YEES11,fii
FII HGI CRI,HGIC11,fii
FII HIRE LOG,HILG11,fii
FII HOTEL MX,HTMX11,fii
FII HSI CRI,HSAF11,fii
FII HSI LOG,HSLG11,fii
FII HSI MALL,HSML11,fii
FII HSIRENDA,HSRE11,fii
FII HUSI,HUSI11,fii
FII IVCI,IVCI11,fii
FII GRUL,GRUL11,fii
FII ICNE,ICNE11,fii
FII INDE,INDE11,fii
FII INTER LG,INLG11,fii
FII INTER RD,INRD11,fii
FII INTER IP,ITIP11,fii
FII INTER IT,ITIT11,fii
FII IBBP,IBBP11,fii
FII ISCJ,ISCJ11,fii
FII IRIM,IRIM11,fii
FII CI IPCA,ICRI11,fii
FII ITAU TEM,TMPS11,fii
FII ITRI,ITRI11,fii
FII JCDB 02,JCDB11,fii
FII JCDA I,JCDA11,fii
FII JASC REN,JASC11,fii
FII JBFO FOF,JBFO11,fii
FII JFDCAM,VJFD11,fii
FII JFL LIV,JFLL11,fii
FII JHSF CJ,JCCJ11,fii
FII JPP CAPI,JPPC11,fii
FII JPPA CRI,JPPA11,fii
FII JS A FIN,JSAF11,fii
FII JS REAL,JSRE11,fii
FII JSCR,JSCR11,fii
FII JT PREV,JTPR11,fii
FII BGS1,BGS1,fii
FII KILIMA,KISU11,fii
FII KIVO,KIVO11,fii
FII KRES,KRES11,fii
FII KINEA CR,KCRE11,fii
FII KNGR,KNGR11,fii
FII KGUJ,KGUJ11,fii
FII KINEA DL,KLOG11,fii
FII KDLG,KDLG11,fii
FII KFEN,KFEN11,fii
FII KINEA HF,KNHF11,fii
FII KINEA HY,KNHY11,fii
FII KII REAL,KNRE11,fii
FII KINEA IP,KNIP11,fii
FII KOPI,KOPI11,fii
FII KORE,KORE11,fii
FII KINEA PR,KNPR11,fii
FII KPMR,KPMR11,fii
FII KPRP,KPRP11,fii
FII KINEA,KNRI11,fii
FII KINEA RI,KNCR11,fii
FII KINEA SC,KNSC11,fii
FII KINEA UN,KNUQ11,fii
FII LAGO PDR,LPLP11,fii
FII LAV SLDZ,SLDZ11,fii
FII LRED,LRED11,fii
FII LSOI,LSOI11,fii
FII LEBLON,LRDI11,fii
FII LEGATUS,LASC11,fii
FII LIFE,LIFE11,fii
FII LOFT I,LOFT11,fii
FII LOFT II,LFTT11,fii
FII MAGM,MAGM11,fii
FII MANATI,MANA11,fii
FII MMVE OP,MMVE11,fii
FII MCLO,MCLO11,fii
FII MAUA RE,MCRE11,fii
FII MAXI REN,MXRF11,fii
FII MCEM,MCEM11,fii
FII MERITO I,MFII11,fii
FII MOGNO HT,MGHT11,fii
FII MGRI,MGRI11,fii
FII MOSO,MOSO11,fii
FII MULTSHOP,SHOP11,fii
FII MULT OF2,MOFF11,fii
FII NAVI CRI,NCRI11,fii
FII NAVI TOT,NAVT11,fii
INTERMED NT,N4V1,fii
FII NAVI RSD,APTO11,fii
FII EAGL,EAGL11,fii
FII NEWPORT,NEWL11,fii
FII NEWRU,NEWU11,fii
FII NMKS,NMKS11,fii
FII NOVA I,NVIF11,fii
FII OCTO,OCRE11,fii
FII ONDV,ONDV11,fii
FII ATRIO,ARRI11,fii
FII OPPBAL,OBAL11,fii
FII OPPORTUN,FTCE11,fii
FII OURI JPP,OUJP11,fii
FII PNCR,PNCR11,fii
FII PANORAMA,PNDL11,fii
FII LASTMILE,PNLM11,fii
FII PAN PROP,PNPR11,fii
FII PNRC,PNRC11,fii
FII PMIS,PMIS11,fii
FII PARK PAR,VTVI11,fii
FII PARQ ANH,PQAG11,fii
FII PATA,PATA11,fii
FII PTO BAND,PATB11,fii
FII CVBI VBI,CVBI11,fii
FII PATC VBI,PATC11,fii
FII HGRE PAX,HGRE11,fii
FII HGFF PAX,HGFF11,fii
FII HGLG PAX,HGLG11,fii
FII PATL VBI,PATL11,fii
FII PMLL PAX,PMLL11,fii
FII HGPO PAX,HGPO11,fii
FII HGCR PAX,HGCR11,fii
FII VECT REN,VCRR11,fii
FII HGRU PAX,HGRU11,fii
FII PDBM,PDBM11,fii
FII PERFORMA,PEMA11,fii
FII PERSONAL,PRSN11,fii
FII PLURAL R,PLCR11,fii
FII POLO CRI,PORD11,fii
FII POLO I,PLRI11,fii
FII PRAIA CS,PCAS11,fii
FII P VARGAS,PRSV11,fii
FII A BRANCA,FPAB11,fii
FII PROLOGIS,PBLV11,fii
FII QTZD,QTZD11,fii
FII RZZV,RZZV11,fii
FII RZZI,RZZI11,fii
FII RZZR,RZZR11,fii
FII RBRESID2,RBDS11,fii
FII RBRESID3,RSPD11,fii
FII RBRES IV,RBIR11,fii
FII RB CFOF,RFOF11,fii
FII RBCAP LG,RBLG11,fii
FII RBCAP RI,RRCI11,fii
FII RB CAP I,FIIP11,fii
FII RB II,RBRD11,fii
FII RB TFO,RBTS11,fii
FII DRIM,DRIM11,fii
FII MTES,MTES11,fii
FII RBRALPHA,RBRF11,fii
FII RBR FEED,RCFF11,fii
FII RDCI,RDCI11,fii
FII RDLI,RDLI11,fii
FII SHIP,SHIP11,fii
FII RBR LOG,RBRL11,fii
FII RBR MULT,RBRX11,fii
FII RBR PR,RPRI11,fii
FII RBRK,RBRK11,fii
FII TOPP,TOPP11,fii
FII REAGMULT,RMAI11,fii
FII REAL INV,RINV11,fii
FII RCRI,RCRI11,fii
FII RECD,RECD11,fii
FII RMBS,RMBS11,fii
FII RECM,RECM11,fii
FII RBCRI IV,RBHG11,fii
FII RB YIELD,RBHY11,fii
FII RBFY,RBFY11,fii
FII RIOB FF,RBFF11,fii
FII MERC BR,RBOP11,fii
FII RIOB RC,RCRB11,fii
FII RIOB RR,RBRS11,fii
FII RIOB VA,RBVA11,fii
FII RIONEGRO,RNGO11,fii
FII RIZA AKN,RZAK11,fii
FII ARCTIUM,RZAT11,fii
FII RZLC,RZLC11,fii
FII ROCK,RCKF11,fii
FII SANT PAP,SADI11,fii
FII SAPI,SAPI11,fii
FII SANT REN,SARE11,fii
FII DOMINGOS,FISD11,fii
FII SCP,SCPF11,fii
FII SEQUOIA,SEQR11,fii
FII HIGIENOP,SHPH11,fii
FII SHPP,SHPP11,fii
FII W PLAZA,WPLZ11,fii
FII REIT RIV,REIT11,fii
FII SJ AU,SJAU11,fii
FII SOLARIUM,SOLR11,fii
FII SPTW PAX,SPTW11,fii
FII SPA,SPAF11,fii
FII SPECIALE,LTMT11,fii
FII DVLP,DVLP11,fii
FII DVLT,DVLT11,fii
FII PMFO,PMFO11,fii
FII SPGM,SPGM11,fii
FII SPG2,SPG2,fii
FII SPXM,SPXM11,fii
FII SPXL,SPXL11,fii
FII SPXG,SPXG11,fii
FII SPX SYN,SPXS11,fii
FII STARX,STRX11,fii
FII STYI,STYI11,fii
FII SURE,SURE11,fii
FII SUNO EL,SNEL11,fii
FII SUNOFOFI,SNFF11,fii
FII SUNO LG,SNLG11,fii
FII SNME,SNME11,fii
FII SUNO CRI,SNCI11,fii
FII SUPREMO,SPMO11,fii
FII TELLUS,TELD11,fii
FII TELM,TELM11,fii
FII TEL PROP,TEPP11,fii
FII SDI LOG,TRBL11,fii
FII NAUI,NAUI11,fii
FII TISHMAN,TSER11,fii
FII TIVIO RI,TVRI11,fii
FII V MASTER,VOTS11,fii
FII TJK REND,TJKB11,fii
FII TORDE EI,TORD11,fii
FII TRANSINC,TSNC11,fii
FII TREECORP,TCPF11,fii
FII TRXY,TRXY11,fii
FII TRX REAL,TRXF11,fii
FII TRX R II,TRXB11,fii
FII URHF,URHF11,fii
FII URCA REN,URPR11,fii
FII V2EDCORP,VVCO11,fii
FII MULT REN,VVMR11,fii
FII V2 PRIME,VPPR11,fii
FII V2 RECE,VVCR11,fii
FII V2 RENDA,VVRI11,fii
FII VALREIII,VGIR11,fii
FII VALORAIP,VGIP11,fii
FII VGII,VGII11,fii
FII VALOR HE,VGHF11,fii
FII VGRI,VGRI11,fii
FII PLAG,PLAG11,fii
FII BLMO VBI,BLMO11,fii
FII RVBI VBI,RVBI11,fii
FII VECTIS,VCJR11,fii
FII VQ LAJES,VLJS11,fii
FII VENUS,SALI11,fii
FII VCHG,VCHG11,fii
FII VCTH,VCTH11,fii
FII VERS CRI,VSLH11,fii
FII V PARQUE,FVPQ11,fii
FII VIC DES,VIDS11,fii
FII VIC VIN,VDSV11,fii
FII VINCI CR,VCRI11,fii
FII VINCI IU,VIUR11,fii
FII VIFI 3,VLQI11,fii
FII VINCI IF,VIFI11,fii
FII VINCI LG,VILG11,fii
FII VIMO,VIMO11,fii
FII VINCI OF,VINO11,fii
FII VIOL,VIOL11,fii
FII VINCI SC,VISC11,fii
FII WARREN,WSEC11,fii
FII WHG F SP,SPDE11,fii
FII WHG REAL,WHGR11,fii
FII XP MACAE,XPCM11,fii
FII XP CRED,XPCI11,fii
FII XP INDL,XPIN11,fii
FII XP LOG,XPLG11,fii
FII XP MALLS,XPML11,fii
FII XP SELEC,XPSF11,fii
FII YUCA,YUFI11,fii
FII ZAGH,ZAGH11,fii
FII ZAVIT C,ZAVC11,fii
FII ZAVIT R,ZAVI11,fii
FII ZION,ZIFI11,fii
BB ETF IAGRO,AGRI,etf
BB ETF IBOV,BBOV,etf
BB ETF BRAZ,BRAZ,etf
BB ETF DVER,DVER,etf
BB ETF BOI G,BBOI,etf
BB ETF DOLAR,DOLA,etf
BB ETF MILHO,CORN,etf
BB ETF SP DV,BBSD,etf
B INDEX TECX,TECX,etf
B INDEX PKIN,PKIN,etf
B INDEX BREW,BREW,etf
PACTUAL IBOV,IBOB,etf
ETF ESG BTG,ESGB,etf
BTG SP DOLAR,DOLB,etf
BTG S&P 500,SPXB,etf
ETF BTG GENB,GENB,etf
BTG SMLL CAP,SMAB,etf
BTG COMMODIT,CMDB,etf
BTGTEVA AUVP,AUVP,etf
BTG DIV REAL,TIRB,etf
BTGIABRSELEC,BRXC,etf
ETF RICO,RICO,etf
ETF QQQQ,QQQQ,etf
ETF BV QQQI,QQQI,etf
ETF BV COIN,COIN,etf
ETF FIXX,FIXX,etf
ETF BV AURO,AURO,etf
ETF CASA,CASA,etf
ETF BV IWMI,IWMI,etf
ETF BV SPYI,SPYI,etf
CAIXAETFXBOV,XBOV,etf
INVESTO GLDX,GLDX,etf
TRG SMIC CAP,TRIG,etf
B INDEX DEFE,BDEF,etf
B INDEX MOME,BMMT,etf
B INDEX CICL,BCIC,etf
ETF BRA IBOV,BOVB,etf
INVESTOARGE,ARGE,etf
INVESTOUTIL,UTLL,etf
INVESTO PEVC,PEVC,etf
INVESTOBEST,BEST,etf
INVESTO JOGO,JOGO,etf
INVESTO USTK,USTK,etf
INVESTO SVAL,SVAL,etf
INVESTO CHIP,CHIP,etf
INVESTO WRLD,WRLD,etf
INVESTOGPS&P,GPUS,etf
INVESTO BDOM,BDOM,etf
INVESTO BXPO,BXPO,etf
INVESTO SCVB,SCVB,etf
INVESTO ALUG,ALUG,etf
INVESTO NUCL,NUCL,etf
INVESTO BIZD,BIZD,etf
ISHARES SMAL,SMAL,etf
ISHARES CAP5,CAPE,etf
ISHARES EQWE,EWBZ,etf
ISHARES BOVA,BOVA,etf
ISHARES BRAX,BRAX,etf
ISHARES ECOO,ECOO,etf
ISHARE SP500,IVVB,etf
IT NOW CHINA,SILK,etf
IT NOW B3BR+,B3BR,etf
IT NOW IBOV,BOVV,etf
IT NOW IDIV,DIVO,etf
IT NOW DIVD,DIVD,etf
IT NOW IFNC,FIND,etf
IT NOW IGCT,GOVE,etf
IT NOW IMAT,MATB,etf
IT NOW ISE,ISUS,etf
DIGITAL LIFE,MILL,etf
IT NOW HCARE,HTEK,etf
IT NOW TECK,TECK,etf
IT NOW PIBB,PIBB,etf
IT NOW GREEN,REVE,etf
IT NOW SP BR,SPXR,etf
IT NOW HYDRO,YDRO,etf
IT NOW SPXI,SPXI,etf
IT NOW SMALL,SMAC,etf
NU IBOV DIV,NSDV,etf
NUIBOVHIGHBT,HIGH,etf
NUIBOVLOWVOL,LVOL,etf
NUIBOVBRMAIS,NBOV,etf
NU REND IBOV,NDIV,etf
SAFRAIBOVEST,SPUB,etf
SAFRAIBOVPVT,SPVT,etf
SAFRAETFIBOV,BOVS,etf
SAFRAETFELAS,ELAS,etf
XPETFACWI,ACWI,etf
XPETFCHINA,XINA,etf
XPETFUSTECH,UTEC,etf
TREND US LRG,USAL,etf
TREND U REIT,URET,etf
TREND IBOVX,BOVX,etf
TREND OURO,GOLD,etf
TREND ESG US,ESGU,etf
TREND NASDAQ,NASD,etf
AZT ENERGIA,AZTE,acao
BRAVA,BRAV,acao
COSAN,CSAN,acao
PET MANGUINH,RPMG,acao
PETROBRAS,PETR,acao
PETRORECSA,RECV,acao
PETRORIO,PRIO,acao
RAIZEN,RAIZ,acao
ULTRAPAR,UGPA,acao
VIBRA,VBBR,acao
LUPATECH,LUPA,acao
OCEANPACT,OPCT,acao
OSX BRASIL,OSXB,acao
NOME DE PREG√ÉO,CDIGO,acao
AURA 360,AURA,acao
BRADESPAR,BRAP,acao
CBA,CBAV,acao
CSNMINERACAO,CMIN,acao
LITEL,LTEL,acao
LITELA,LTLA,acao
VALE,VALE,acao
FERBASA,FESA,acao
GERDAU,GGBR,acao
GERDAU MET,GOAU,acao
SID NACIONAL,CSNA,acao
USIMINAS,USIM,acao
MANGELS INDL,MGEL,acao
PANATLANTICA,PATI,acao
TEKNO,TKNO,acao
PARANAPANEMA,PMAM,acao
BRASKEM,BRKM,acao
DEXXOS PAR,DEXP,acao
FER HERINGER,FHER,acao
NUTRIPLANT,NUTR,acao
VITTIA,VITT,acao
CRISTAL,CRPG,acao
UNIPAR,UNIP,acao
DEXCO,DXCO,acao
EUCATEX,EUCA,acao
KLABIN S/A,KLBN,acao
MELHOR SP,MSPA,acao
SUZANO HOLD,NEMO,acao
SUZANO S.A.,SUZB,acao
IRANI,RANI,acao
SANSUY,SNSY,acao
ETERNIT,ETER,acao
HAGA S/A,HAGA,acao
PORTOBELLO,PTBL,acao
AZEVEDO,AZEV,acao
SONDOTECNICA,SOND,acao
EMBRAER,EMBR,acao
FRAS-LE,FRAS,acao
MARCOPOLO,POMO,acao
RANDON PART,RAPT,acao
RECRUSUL,RCSL,acao
RIOSULENSE,RSUL,acao
TUPY,TUPY,acao
WETZEL S/A,MWET,acao
SCHULZ,SHUL,acao
WEG,WEGE,acao
ACO ALTONA,EALT,acao
AERIS,AERI,acao
ARMAC,ARML,acao
BARDELLA,BDLL,acao
INEPAR,INEP,acao
KEPLER WEBER,KEPL,acao
METALFRIO,FRIO,acao
MILLS,MILS,acao
NORDON MET,NORD,acao
PRATICA,PTCA,acao
ROMI,ROMI,acao
METISA,MTSA,acao
TAURUS ARMAS,TASA,acao
AZUL,AZUL,acao
GOL,GOLL,acao
FER C ATLANT,VSPT,acao
MRS LOGIST,MRSA,acao
RUMO S.A.,RAIL,acao
HIDROVIAS,HBSA,acao
LOG-IN,LOGN,acao
TREVISA,LUXM,acao
JSL,JSLG,acao
TEGMA,TGMA,acao
CONC RIO TER,CRTE,acao
ECORODOVIAS,ECOR,acao
MOTIVA SA,MOTV,acao
TRIUNFO PART,TPIS,acao
GRUAIRPORT,AGRU,acao
HMOBI S.A,HMOB,acao
INVEPAR,IVPR,acao
PORTO VM,PSVM,acao
SANTOS BRP,STBP,acao
WILSON SONS,PORT,acao
BBMLOGISTICA,BBML,acao
CONTAX,CTAX,acao
DTCOM-DIRECT,DTCY,acao
ESTAPAR,ALPK,acao
GPS,GGPS,acao
PRINER,PRNR,acao
SEQUOIA LOG,SEQL,acao
VALID,VLID,acao
EMBPAR S/A,EPAR,acao
MINASMAQUINA,MMAQ,acao
RODOBENS,RBNS,acao
WLM IND COM,WLMM,acao
3TENTOS,TTEN,acao
AGRIBRASIL,GRAO,acao
AGROGALAXY,AGXY,acao
ALIPERTI,APTI,acao
BOA SAFRA,SOJA,acao
BRASILAGRO,AGRO,acao
CTC S.A.,CTCA,acao
GRANJA FARIA,EGGY,acao
SLC AGRICOLA,SLCE,acao
TERRASANTAPA,LAND,acao
JALLESMACHAD,JALL,acao
SAO MARTINHO,SMTO,acao
BRF SA,BRFS,acao
EXCELSIOR,BAUH,acao
FICTORALIMEN,FICT,acao
JBS N.V.,JBSS,acao
MARFRIG,MRFG,acao
MINERVA,BEEF,acao
MINUPAR,MNPR,acao
CAMIL,CAML,acao
JOSAPAR,JOPA,acao
M.DIASBRANCO,MDIA,acao
ODERICH,ODER,acao
AMBEV S/A,ABEV,acao
NATURA,NATU,acao
BOMBRIL,BOBR,acao
ASSAI,ASAI,acao
GRUPO MATEUS,GMAT,acao
P.ACUCAR-CBD,PCAR,acao
AZZAS 2154,AZZA,acao
CEA MODAS,CEAB,acao
GRAZZIOTIN,CGRA,acao
GUARARAPES,GUAR,acao
LOJAS MARISA,AMAR,acao
LOJAS RENNER,LREN,acao
VESTE,VSTE,acao
ALLIED,ALLD,acao
CASAS BAHIA,BHIA,acao
MAGAZ LUIZA,MGLU,acao
AMERICANAS,AMER,acao
ESPACOLASER,ESPA,acao
GRUPO SBF,SBFG,acao
LE BISCUIT,LLBI,acao
PETZ,PETZ,acao
QUERO-QUERO,LJQQ,acao
ALPHAVILLE,AVLL,acao
CONST A LIND,CALI,acao
CURY S/A,CURY,acao
CYRELA REALT,CYRE,acao
DIRECIONAL,DIRR,acao
EVEN,EVEN,acao
EZTEC,EZTC,acao
FICA,FIEI,acao
GAFISA,GFSA,acao
HELBOR,HBOR,acao
INC SA,INNC,acao
JHSF PART,JHSF,acao
JOAO FORTES,JFEN,acao
KALLAS,KLAS,acao
LAVVI,LAVV,acao
MELNICK,MELK,acao
MITRE REALTY,MTRE,acao
MOURA DUBEUX,MDNE,acao
MRV,MRVE,acao
PDG REALT,PDGR,acao
PLANOEPLANO,PLPL,acao
RDVC CITY,CCTY,acao
RNI,RDNI,acao
ROSSI RESID,RSID,acao
TECNISA,TCSA,acao
TEGRA INCORP,TEGA,acao
TENDA,TEND,acao
TRISUL,TRIS,acao
VIVER,VIVR,acao
CEDRO,CEDO,acao
COTEMINAS,CTNM,acao
DOHLER,DOHL,acao
IND CATAGUAS,CATA,acao
KARSTEN,CTKA,acao
PETTENATI,PTNT,acao
SANTANENSE,CTSA,acao
SPRINGS,SGPS,acao
TEX RENAUX,TXRX,acao
TRACK FIELD,TFCO,acao
ALPARGATAS,ALPA,acao
CAMBUCI,CAMB,acao
GRENDENE,GRND,acao
VULCABRAS,VULC,acao
MUNDIAL,MNDL,acao
TECHNOS,TECN,acao
VIVARA S.A.,VIVA,acao
WHIRLPOOL,WHRL,acao
GRUPO TOKY,TOKY,acao
UNICASA,UCAS,acao
WESTWING,WEST,acao
HERCULES,HETA,acao
AUTOMOB,AMOB,acao
IOCHP-MAXION,MYPK,acao
METAL LEVE,LEVE,acao
PLASCAR PART,PLAS,acao
HOTEIS OTHON,HOOT,acao
IMC S/A,MEAL,acao
ZAMP S.A.,ZAMP,acao
BIC MONARK,BMKS,acao
ESTRELA,ESTR,acao
REVEE,RVEE,acao
SPTURIS,AHEB,acao
TIME FOR FUN,SHOW,acao
CVC BRASIL,CVCB,acao
SMART FIT,SMFT,acao
ANIMA,ANIM,acao
ATOM EDUC,ATED,acao
BIOMA EDUC,BIED,acao
COGNA ON,COGN,acao
CRUZEIRO EDU,CSED,acao
SER EDUCA,SEER,acao
VITRUEDUCA,VTRU,acao
YDUQS PART,YDUQ,acao
LOCALIZA,RENT,acao
MOVIDA,MOVI,acao
VAMOS,VAMO,acao
DOTZ SA,DOTZ,acao
BIOMM,BIOM,acao
OUROFINO S/A,OFSA,acao
ALLIAR,AALR,acao
DASA,DASA,acao
FLEURY,FLRY,acao
HAPVIDA,HAPV,acao
MATER DEI,MATD,acao
ODONTOPREV,ODPV,acao
ONCOCLINICAS,ONCO,acao
QUALICORP,QUAL,acao
REDE D OR,RDOR,acao
BAUMER,BALM,acao
LIFEMED,LMED,acao
BLAU,BLAU,acao
D1000VFARMA,DMVF,acao
DIMED,PNVL,acao
EUROFARMA SA,EUFA,acao
HYPERA,HYPE,acao
PAGUE MENOS,PGMN,acao
PROFARMA,PFRM,acao
RAIADROGASIL,RADL,acao
VIVEO,VVEO,acao
INTELBRAS,INTB,acao
MULTILASER,MLAS,acao
POSITIVO TEC,POSI,acao
BEMOBI TECH,BMOB,acao
BRQ,BRQB,acao
ENJOEI,ENJU,acao
INFRACOMM,IFCM,acao
LWSA,LWSA,acao
MELIUZ,CASH,acao
NEOGRID,NGRD,acao
PADTEC,PDTC,acao
QUALITY SOFT,QUSW,acao
REAGINVEST,REAG,acao
TC,TRAD,acao
TOTVS,TOTS,acao
WDC NETWORKS,LVTC,acao
BRISANET,BRST,acao
DESKTOP,DESK,acao
OI,OIBR,acao
TELEBRAS,TELB,acao
TELEF BRASIL,VIVT,acao
TIM,TIMS,acao
UNIFIQUE,FIQE,acao
AESOPERACOES,AESO,acao
AFLUENTE T,AFLT,acao
ALUPAR,ALUP,acao
AMPLA ENERG,CBEE,acao
AUREN,AURE,acao
CEB,CEBR,acao
CEEE-D,CEED,acao
CELESC,CLSC,acao
CELGPAR,GPAR,acao
CEMIG,CMIG,acao
COELBA,CEEB,acao
COELCE,COCE,acao
COMERC PAR,COMR,acao
COPEL,CPLE,acao
CPFL ENERGIA,CPFE,acao
ELEKTRO,EKTR,acao
ELETROBRAS,ELET,acao
EMAE,EMAE,acao
ENERGISA,ENGI,acao
ENERGISA MT,ENMT,acao
ENEVA,ENEV,acao
ENGIE BRASIL,EGIE,acao
EQTL PARA,EQPA,acao
EQTLMARANHAO,EQMA,acao
EQUATORIAL,EQTL,acao
GER PARANAP,GEPA,acao
ISA ENERGIA,ISAE,acao
LIGHT,LIGH,acao
LIGHT S/A,LIGT,acao
NEOENERGIA,NEOE,acao
PROMAN,PRMN,acao
REDE ENERGIA,REDE,acao
RENOVA,RNEW,acao
SERENA,SRNA,acao
TAESA,TAEE,acao
AMBIPAR,AMBP,acao
CASAN,CASN,acao
COPASA,CSMG,acao
IGUA SA,IGSN,acao
ORIZON,ORVR,acao
SABESP,SBSP,acao
SANEPAR,SAPR,acao
CEG,CEGR,acao
COMGAS,CGAS,acao
COMPASS,PASS,acao
ABC BRASIL,ABCB,acao
ALFA HOLDING,RPAD,acao
AMAZONIA,BAZA,acao
BANCO BMG,BMGB,acao
BANCO PAN,BPAN,acao
BANESE,BGIP,acao
BANESTES,BEES,acao
BANPARA,BPAR,acao
BANRISUL,BRSR,acao
BR PARTNERS,BRBI,acao
BRADESCO,BBDC,acao
BRASIL,BBAS,acao
BRB BANCO,BSLI,acao
BTGP BANCO,BPAC,acao
INTER CO,INBR,acao
ITAUUNIBANCO,ITUB,acao
MERC INVEST,BMIN,acao
MERCANTIL,BMEB,acao
NORD BRASIL,BNBR,acao
PINE,PINE,acao
SANTANDER BR,SANB,acao
MERC FINANC,MERC,acao
BRAZILIAN SC,BSCS,acao
OPEA,RBRA,acao
POLO CAP SEC,PLSC,acao
G2D INVEST,G2DI,acao
PPLA,PPLA,acao
B3,B3SA,acao
CSU DIGITAL,CSUD,acao
BBSEGURIDADE,BBSE,acao
CAIXA SEGURI,CXSE,acao
PORTO SEGURO,PSSA,acao
IRBBRASIL RE,IRBR,acao
WIZ CO,WIZC,acao
ALLOS,ALOS,acao
GENERALSHOPP,GSHP,acao
HABITASUL,HBTS,acao
HBR REALTY,HBRE,acao
IGUATEMI S.A,IGTI,acao
LOG COM PROP,LOGG,acao
MENEZES CORT,MNZC,acao
MULTIPLAN,MULT,acao
PAR AL BAHIA,PEAB,acao
SAO CARLOS,SCAR,acao
SYN PROP TEC,SYNE,acao
LOPES BRASIL,LPSB,acao
NEXPE,NEXP,acao
CIABRASF,ADMF,acao
ITAUSA,ITSA,acao
MONT ARANHA,MOAR,acao
SIMPAR,SIMH,acao
CEPAC - CTBA,CTBA,acao
CEPAC - MCRJ,MCRJ,acao
CEPAC - PMSP,PMSP,acao
524 PARTICIP,QVQP,acao
BETAPART,BETP,acao
CEMEPE,MAPT,acao
GAMA PART,OPGM,acao
INVEST BEMGE,FIGE,acao
POLPAR,PPAR,acao
PROMPT PART,PRPT,acao
SUDESTE S/A,OPSE,acao
SUL 116 PART,OPTS,acao
3M COMPANY,MMMC34,bdr
ABB LTD,A1BB34,bdr
ABBOTT LABORATORIES,ABTT34,bdr
ABBVIE INC.,ABBV34,bdr
ABIOMED Inc,A1BM34,bdr
ABN AMRO BANK N.V,ABAM34,bdr
Academy Sports & Outdoors Inc,A2SO34,bdr
ACCENTURE PLC,ACNB34,bdr
ACTIVISION BLIZZARD INC,ATVI34,bdr
ADOBE INC,ADBE34,bdr
ADVANCE AUTO PARTS INC,A1AP34,bdr
ADVANCED MICRO DEVICES INC,A1MD34,bdr
AEGON NV,A1EG34,bdr
AES CORP,A1ES34,bdr
AFLAC INC,A1FL34,bdr
AGILENT TECHNOLOGIES INC,A1GI34,bdr
AIR PRODUCTS & CHEMICALS INC,A1PD34,bdr
Airbnb Inc,AIRB34,bdr
AKAMAI TECHNOLOGIES INC,A1KA34,bdr
AKZO NOBEL,AKZA34,bdr
ALASKA AIR GROUP INC,A1LK34,bdr
ALBEMARLE CORP,A1LB34,bdr
ALCON INC,A2LC34,bdr
ALEXANDRIA REAL ESTATE EQUITIES INC,A1RE34,bdr
ALIBABA GROUP HOLDING LTD,BABA34,bdr
ALIGN TECHNOLOGY INC,A1LG34,bdr
ALLEGION PLC,A1GN34,bdr
ALLFUNDS GROUP,ALFG34,bdr
ALLIANT ENERGY CORP,A1EN34,bdr
ALLSTATE CORP,A1TT34,bdr
ALNYLAM PHARMACEUTICALS INC,A1LN34,bdr
ALPHABET INC.,GOGL34,bdr
ALPHABET INC. (CLASS C),GOGL35,bdr
ALTERYX INC,A1YX34,bdr
"ALTRIA GROUP, INC.",MOOO34,bdr
"AMAZON.COM, INC",AMZO34,bdr
AMBARELLA INC,A2MB34,bdr
AMC Entertainment Holdings Inc,A2MC34,bdr
AMCOR PLC,A1CR34,bdr
AMDOCS LTD,D2OX34,bdr
AMEREN CORP,A1EE34,bdr
America Movil SAB de CV,A1MX34,bdr
AMERICAN AIRLINES GROUP INC.,AALL34,bdr
AMERICAN ELECTRIC POWER CO INC,A1EP34,bdr
AMERICAN EXPRESS COMPANY,AXPB34,bdr
AMERICAN INTERNATIONAL GROUP INC.,AIGB34,bdr
AMERICAN TOWER CORP,T1OW34,bdr
AMERICAN WATER WORKS CO INC,A1WK34,bdr
AMERIPRISE FINANCIAL INC,A1MP34,bdr
AMERISOURCEBERGEN CORP,A1MB34,bdr
AMETEK INC,A1ME34,bdr
AMGEN INC.,AMGN34,bdr
AMPHENOL CORP,A1PH34,bdr
Amyris Inc,A2MR34,bdr
ANALOG DEVICES INC,A1DI34,bdr
Anglo American PLC,AAGO34,bdr
ANGLOGOLD ASHANTI LTD,A1UA34,bdr
ANHEUSER-BUSCH INBEV SA/NV,ABUD34,bdr
ANNALY CAPITAL MANAGEMENT INC,N2LY34,bdr
ANSYS INC,A1NS34,bdr
"ELEVANCE HEALTH, INC.",E1LV34,bdr
AO SMITH CORP,A1OS34,bdr
AON PLC,A1ON34,bdr
APA CORP,A1PA34,bdr
APARTMENT INVESTMENT & MANAGEMENT CO,A1IV34,bdr
APPLE INC.,AAPL34,bdr
APPLIED MATERIALS INC,A1MT34,bdr
APTIV PLC,APTV34,bdr
ARCELORMITTAL,ARMT34,bdr
ARCHER-DANIELS-MIDLAND CO,A1DM34,bdr
ARES MANAGEMENT CORP,A2RE34,bdr
ARGENX SE,A1RG34,bdr
ARISTA NETWORKS INC,A1NE34,bdr
ARMSTRONG WORLD INDUSTRIES INC,AWII34,bdr
ARROW ELECTRONICS INC,A2RW34,bdr
ARROWHEAD PHARMACEUTICALS INC,A2RR34,bdr
ARTHUR J GALLAGHER & CO,A1JG34,bdr
ASCENDIS PHARMA A/S,A1SN34,bdr
ASML HOLDING NV,ASML34,bdr
ASSURANT INC,A1SU34,bdr
ASTRAZENECA PLC,A1ZN34,bdr
AT&T INC.,ATTB34,bdr
ATLASSIAN CORPORATION PLC,T1AM34,bdr
ATMOS ENERGY CORP,A1TM34,bdr
AURA MINERALS INC.,AURA33,bdr
AUTODESK INC,A1UT34,bdr
AUTOHOME INC,A1TH34,bdr
AUTOMATIC DATA PROCESSING INC,ADPR34,bdr
AUTOZONE INC,AZOI34,bdr
AVALARA INC,A2VL34,bdr
AVALONBAY COMMUNITIES INC,A1VB34,bdr
AVERY DENNISON CORP,A1VY34,bdr
AXON ENTERPRISE INC,A2XO34,bdr
AZENTA INC,A2ZT34,bdr
BAIDU INC,BIDU34,bdr
BAKER HUGHES CO,B1KR34,bdr
BALL CORP,B1LL34,bdr
BANCO BILBAO VIZCAYA ARGENTARIA SA,BILB34,bdr
BANCO SANTANDER CHILE,B1SA34,bdr
BANCO SANTANDER SA,BCSA34,bdr
BANCOLOMBIA SA,C2OL34,bdr
BANK OF AMERICA CORPORATION,BOAC34,bdr
BARCLAYS PLC,B1CS34,bdr
Barrick Gold,BARR34,bdr
"Bath & Body Works, Inc.",B1BW34,bdr
BAXTER INTERNATIONAL INC,B1AX34,bdr
BECTON DICKINSON AND CO,B1DX34,bdr
BEIGENE LTD,B1GN34,bdr
BERKSHIRE HATHAWAY INC.,BERK34,bdr
"BEST BUY CO., INC.",BBYY34,bdr
BEYOND MEAT INC,B2YN34,bdr
BILIBILI INC,B1IL34,bdr
BILL.COM HOLDINGS INC,B2HI34,bdr
BIOGEN INC.,BIIB34,bdr
BIOMARIN PHARMACEUTICAL INC,B1MR34,bdr
BIONTECH SE,B1NT34,bdr
BIO-TECHNE CORPORATION,T1CH34,bdr
BLACKLINE INC,B2LN34,bdr
"BLACKROCK, INC.",BLAK34,bdr
"BLOCK, INC.",S2QU34,bdr
BOOKING HOLDINGS INC,BKNG34,bdr
BOOZ ALLEN HAMILTON HOLDING CORP,B2AH34,bdr
BORGWARNER INC,B1WA34,bdr
"BOSTON PROPERTIES, INC",BOXP34,bdr
BOSTON SCIENTIFIC CORP,B1SX34,bdr
BP PLC,B1PP34,bdr
"Bread Financial Holdings, Inc.",A1LL34,bdr
BRISTOL-MYERS SQUIBB COMPANY,BMYB34,bdr
BRITISH AMERICAN TOBACCO PLC,B1TI34,bdr
BROADCOM INC,AVGO34,bdr
BROADRIDGE FINANCIAL SOLUTIONS INC,B1RF34,bdr
BROOKFIELD ASSET MANAGEMENT INC,B1AM34,bdr
BROWN FORMAN CORP,B1FC34,bdr
BRUKER CORP,B2RK34,bdr
BUMBLE INC,B2MB34,bdr
BURLINGTON STORES INC,B2UR34,bdr
CABLE ONE INC,C1AB34,bdr
CACI INTERNATIONAL INC,C2AC34,bdr
CADENCE DESIGN SYSTEMS INC,C1DN34,bdr
CAESARS ENTERTAINMENT INC,C2ZR34,bdr
CAMDEN PROPERTY TRUST,C2PT34,bdr
Campbell Soup Co,C1PB34,bdr
CANADIAN NATIONAL RAILWAY CO,CNIC34,bdr
CANADIAN PACIFIC RAILWAY LTD,CPRL34,bdr
CANON INC,CAJI34,bdr
CAPITAL ONE FINANCIAL CORP,CAON34,bdr
CAPRI HOLDINGS LTD,CAPH34,bdr
CARDINAL HEALTH INC,C1AH34,bdr
CARMAX INC,K1MX34,bdr
CARNIVAL CORP,C1CL34,bdr
CARRIER GLOBAL CORPORATION,C1RR34,bdr
CARTERS INC,CRIN34,bdr
CATERPILLAR INC.,CATP34,bdr
CBOE GLOBAL MARKETS INC,C1BO34,bdr
CBRE GROUP INC,C1BR34,bdr
CDW CORPORATION,C1DW34,bdr
CELANESE CORP,C1NS34,bdr
CEMEX SAB DE CV,C2EM34,bdr
CENTENE CORP,C1NC34,bdr
CENTERPOINT ENERGY INC,C1NP34,bdr
Cerence Inc,C2RN34,bdr
CF INDUSTRIES HOLDINGS INC,C1FI34,bdr
CH ROBINSON WORLDWIDE INC,C1HR34,bdr
Change Healthcare Inc,C2HN34,bdr
CHARGEPOINT HOLDINGS INC,C2HP34,bdr
CHARTER COMMUNICATIONS INC,CHCM34,bdr
CHECK POINT SOFTWARE TECHNOLOGIES LTD,C1HK34,bdr
CHEVRON CORPORATION,CHVX34,bdr
CHINA LIFE INSURANCE CO LTD,L1FC34,bdr
CHINA PETROLEUM & CHEMICAL CORP,C1HI34,bdr
CHIPOTLE MEXICAN GRILL INC,C1MG34,bdr
CHUBB LTD,C1BL34,bdr
CHUNGHWA TELECOM CO LTD,C1HT34,bdr
CHURCH & DWIGHT CO INC,CHDC34,bdr
CHURCHILL DOWNS INC,C2HD34,bdr
Cigna Corp,C1IC34,bdr
CINCINNATI FINANCIAL CORP,CINF34,bdr
CINTAS CORP,C1TA34,bdr
"CISCO SYSTEMS, INC.",CSCO34,bdr
CITIGROUP INC.,CTGP34,bdr
CITIZENS FINANCIAL GROUP INC,C1FG34,bdr
CITRIX SYSTEMS INC,C1TX34,bdr
CLOROX COMPANY,CLXC34,bdr
CLOUDFLARE INC,N2ET34,bdr
Clover Health Investments Corp,CLOV34,bdr
CME GROUP INC.,CHME34,bdr
CMS ENERGY CORP,C1MS34,bdr
COCA-COLA FEMSA SAB DE CV,C2CA34,bdr
COGNEX CORP,C2GN34,bdr
COGNIZANT TECHNOLOGY SOLUTIONS,CTSH34,bdr
COINBASE GLOBAL INC,C2OI34,bdr
COLGATE-PALMOLIVE COMPANY,COLG34,bdr
Columbia Sportswear Co,C2SW34,bdr
COMCAST CORPORATION,CMCS34,bdr
COMERICA INC,C1MA34,bdr
CONAGRA BRANDS INC,C1AG34,bdr
CONOCOPHILLIPS,COPH34,bdr
Consolidated Edison Inc,E1DI34,bdr
CONSTELLATION BRANDS INC,STZB34,bdr
COOPER COMPANIES INC,C1OO34,bdr
COPART INC,C1PR34,bdr
CORNING INC,G1LW34,bdr
CORTEVA INC,C1TV34,bdr
COSTAR GROUP INC,C1GP34,bdr
COSTCO WHOLESALE CORPORATION,COWC34,bdr
COTERRA ENERGY INC.,C1OG34,bdr
"COTY, INC.",COTY34,bdr
COUPA SOFTWARE INC,C1OU34,bdr
Coursera Inc,C2OU34,bdr
COUSINS PROPERTIES INC,C2PR34,bdr
CREDICORP LTD,B2AP34,bdr
CREDIT ACCEPTANCE CORP,CRDA34,bdr
CREDIT SUISSE GROUP AG,C1SU34,bdr
CRH PLC,CRHP34,bdr
CRISPR THERAPEUTICS AG,C2RS34,bdr
CROWDSTRIKE HOLDINGS INC,C2RW34,bdr
CROWN CASTLE INTERNATIONAL CORP,C1CI34,bdr
CSX CORP,CSXC34,bdr
CUMMINS INC,C1MI34,bdr
CVS HEALTH CORPORATION,CVSH34,bdr
DANAHER CORPORATION,DHER34,bdr
DARDEN RESTAURANTS INC,D1RI34,bdr
DATADOG INC,D1DG34,bdr
DAVITA INC,DVAI34,bdr
DEERE & CO,DEEC34,bdr
DELL TECHNOLOGIES INC,D1EL34,bdr
"DELTA AIR LINES, INC.",DEAI34,bdr
DENALI THERAPEUTICS INC,D2NL34,bdr
DENTSPLY SIRONA INC,XRAY34,bdr
DEUTSCHE BANK AKTIENGESELLSCHAFT,DBAG34,bdr
DEVON ENERGY CORP,D1VN34,bdr
DEXCOM INC,D1EX34,bdr
DIAGEO PLC,DEOP34,bdr
Diamondback Energy Inc,F1AN34,bdr
Dick's Sporting Goods Inc,D2KS34,bdr
DIGITAL REALTY TRUST INC,D1LR34,bdr
Discover Financial Services,D1FS34,bdr
DISH NETWORK CORP,D1IS34,bdr
DOCUSIGN INC,D1OC34,bdr
DOLLAR GENERAL CORP,DGCO34,bdr
DOLLAR TREE INC,DLTR34,bdr
DOMINION ENERGY INC,D1OM34,bdr
Domino s Pizza Inc,D2PZ34,bdr
DoorDash Inc,D2AS34,bdr
DOVER CORP,D1OV34,bdr
DOW INC,D1OW34,bdr
DOXIMITY INC,D2OC34,bdr
DR HORTON INC,D1HI34,bdr
DR REDDYS LABORATORIES LTD,R1DY34,bdr
DRAFTKINGS INC,D2KN34,bdr
DTE ENERGY CO,D1TE34,bdr
DUKE ENERGY CORPORATION,DUKB34,bdr
DUKE REALTY CORP,D1RE34,bdr
DUPONT DE NEMOURS INC.,DDNB34,bdr
DXC TECHNOLOGY CO,D1XC34,bdr
DYNATRACE INC,D2TC34,bdr
EASTMAN CHEMICAL CO,E1MN34,bdr
Eaton Corp PLC,E1TN34,bdr
EBAY INC.,EBAY34,bdr
ECOLAB INC,E1CL34,bdr
ECOPETROL SA,E1CO34,bdr
EDISON INTERNATIONAL,E1IX34,bdr
EDWARDS LIFESCIENCES CORP,E1WL34,bdr
Elastic NV,E2ST34,bdr
ELECTRONIC ARTS INC,EAIN34,bdr
ELI LILLY AND COMPANY,LILY34,bdr
Emerson Electric Co,E1MR34,bdr
Enovis Corporation,E2NO34,bdr
ENPHASE ENERGY INC,E2NP34,bdr
ENTEGRIS INC,E2NT34,bdr
Entergy Corp,E1TR34,bdr
EOG RESOURCES INC,E1OG34,bdr
EPAM SYSTEMS INC,E2PA34,bdr
EQUIFAX INC,E1FX34,bdr
EQUINIX INC,EQIX34,bdr
EQUINOR ASA,E1QN34,bdr
EQUITY LIFESTYLE PROPERTIES INC,E2LS34,bdr
EQUITY RESIDENTIAL,E1QR34,bdr
ERICSSON LM TELEPHONE CO,E1RI34,bdr
ESSEX PROPERTY TRUST INC,E1SS34,bdr
ESTEE LAUDER COMPANIES INC,ELCI34,bdr
Etsy Inc,E2TS34,bdr
Euronet Worldwide Inc,E2EF34,bdr
EVEREST RE GROUP LTD,E1VE34,bdr
EVERGY INC,E1VR34,bdr
EVERSOURCE ENERGY,E1SE34,bdr
EXACT SCIENCES CORP,E2XA34,bdr
EXELIXIS INC,E2XE34,bdr
EXELON CORP,E1XC34,bdr
EXP WORLD HOLDINGS INC,E2XP34,bdr
EXPEDIA GROUP INC,EXGR34,bdr
EXPEDITORS INTERNATIONAL OF WASHINGTON INC,E1XP34,bdr
Experian,EPER34,bdr
EXTRA SPACE STORAGE INC,E1XR34,bdr
EXXON MOBIL CORPORATION,EXXO34,bdr
"F5, INC.",F1FI34,bdr
FAIR ISAAC CORP,F2IC34,bdr
FASTENAL CO,FASL34,bdr
FASTLY INC,F1SL34,bdr
FEDEX CORPORATION,FDXB34,bdr
FIDELITY NATIONAL INFORMATION SERVICES INC,F1NI34,bdr
FIFTH THIRD BANCORP,FFTD34,bdr
FIRST INDUSTRIAL REALTY TRUST INC,F2RT34,bdr
FIRST REPUBLIC BANK,F1RC34,bdr
"FIRST SOLAR, INC",FSLR34,bdr
FIRSTENERGY CORP,F1EC34,bdr
FISERV INC,F1IS34,bdr
FISKER INC,F2SK34,bdr
FIVE9 INC,F2IV34,bdr
Fiverr International Ltd,F2VR34,bdr
FLEETCOR TECHNOLOGIES INC,FLTC34,bdr
FLOWSERVE CORP,F1LS34,bdr
FMC CORP,F1MC34,bdr
FOMENTO ECONOMICO MEXICANO SAB DE CV - FEMSA,FMXB34,bdr
FORD MOTORS COMPANY,FDMO34,bdr
Fortinet Inc,F1TN34,bdr
Fortive Corp,F1TV34,bdr
Fortune Brands Home & Security Inc,F1BH34,bdr
FOX CORPORATION,FOXC34,bdr
Franco-Nevada Corp,F2NV34,bdr
FRANKLIN RESOURCES INC,F1RA34,bdr
FREEPORT-MCMORAN INC.,FCXO34,bdr
FRESENIUS MEDICAL CARE AG & CO KGAA,FMSC34,bdr
FRESHWORKS INC,F2RS34,bdr
G2D Investments Ltd,G2DI33,bdr
GALAPAGOS NV,G1LP34,bdr
GARMIN LTD,G1RM34,bdr
GARTNER INC,G1AR34,bdr
GDS HOLDINGS LTD,G1DS34,bdr
GENERAL DYNAMICS CORP.,GDBR34,bdr
GENERAL ELECTRIC COMPANY,GEOO34,bdr
General Mills Inc,G1MI34,bdr
GENERAL MOTORS COMPANY,GMCO34,bdr
GENTEX CORP,G2NT34,bdr
GENUINE PARTS CO,G1PC34,bdr
GEOPARK LTD,GPRK34,bdr
"GILEAD SCIENCES, INC.",GILD34,bdr
GSK PLC.,G1SK34,bdr
Glencore,GLEN34,bdr
Global Payments Inc,G1PI34,bdr
GLOBE LIFE INC,G1LL34,bdr
Globus Medical Inc,G2ME34,bdr
GoDaddy Inc,G2DD34,bdr
GOLD FIELDS LTD,G1FI34,bdr
GOLDMAN SACHS GROUP INC.,GSGI34,bdr
"GOPRO, INC.",GPRO34,bdr
"GP INVESTMENTS, LTD.",GPIV33,bdr
GRUPO AEROPORTUARIO DEL PACIFICO SAB DE CV,P2CF34,bdr
GRUPO AEROPORTUARIO DEL SURESTE SAB DE CV,S2RE34,bdr
GUIDEWIRE SOFTWARE INC,G2WR34,bdr
H&R BLOCK INC,H1RB34,bdr
HALLIBURTON COMPANY,HALI34,bdr
Hanesbrands Inc,H1BI34,bdr
HANOVER INSURANCE GROUP INC,THGI34,bdr
HARLEY-DAVIDSON INC,H1OG34,bdr
HARTFORD FINANCIAL SERVICES GROUP INC,H1IG34,bdr
Hasbro Inc,H1AS34,bdr
HCA HEALTHCARE INC,H1CA34,bdr
HDFC BANK LTD,H1DB34,bdr
HEALTHCARE TRUST OF AMERICA INC,H2TA34,bdr
Healthpeak Properties Inc,P1EA34,bdr
HEICO CORPORATION,H1EI34,bdr
HEINEKEN HOLDING NV,HEIO34,bdr
HEINEKEN,HEIA34,bdr
HENRY SCHEIN INC,H1SI34,bdr
Hess Corp,H1ES34,bdr
HEWLETT PACKARD ENTERPRISE CO,H1PE34,bdr
HEWLETT-PACKARD COMPANY,HPQB34,bdr
HF Sinclair Corporation,H1FC34,bdr
HILTON WORLDWIDE HOLDINGS INC,H1LT34,bdr
HOLOGIC INC,H1OL34,bdr
HONDA MOTOR CO LTD,HOND34,bdr
HONEYWELL INTERNATIONAL INC.,HONB34,bdr
HORIZON THERAPEUTICS PLC,H1ZN34,bdr
HORMEL FOODS CORP,H1RL34,bdr
HOST HOTELS & RESORTS INC,H1ST34,bdr
HOWMET AEROSPACE INC.,ARNC34,bdr
HSBC HOLDINGS PLC,H1SB34,bdr
HUAZHU GROUP LTD,H1TH34,bdr
HubSpot Inc,H2UB34,bdr
HUMANA INC,H1UM34,bdr
HUNTINGTON BANCSHARES INC,H1BA34,bdr
HUNTINGTON INGALLS INDUSTRIES INC,H1II34,bdr
IAC INTERACTIVECORPORATION,I1AC34,bdr
ICICI BANK LTD,I1BN34,bdr
IDEX CORPORATION,I1EX34,bdr
IDEXX LABORATORIES INC,I1DX34,bdr
ILLINOIS TOOL WORKS INC,I1TW34,bdr
ILLUMINA INC,I1LM34,bdr
Inari Medical Inc,N2AR34,bdr
INCYTE CORP,I1NC34,bdr
indie Semiconductor Inc,I2ND34,bdr
INFOSYS LTD,I1FO34,bdr
ING GROEP NV,INGG34,bdr
INGERSOLL RAND INC,I2RS34,bdr
Ingredion Incorporated,I2NG34,bdr
INSULET CORP,P2OD34,bdr
INTEL CORPORATION,ITLC34,bdr
INTER CO INC,INBR31,bdr
INTERCONTINENTAL EXCHANGE INC,I1CE34,bdr
INTERCONTINENTAL HOTELS GROUP PLC,I1HG34,bdr
INTERNATIONAL BUSINESS MACHINES CORPORATION,IBMB34,bdr
INTERNATIONAL FLAVORS & FRAGRANCES INC,I1FF34,bdr
INTERNATIONAL PAPER CO,I1PC34,bdr
INTERPUBLIC GROUP OF COS INC,I1PH34,bdr
INTUIT INC,INTU34,bdr
INTUITIVE SURGICAL INC,I1SR34,bdr
INVESCO LTD,I1VZ34,bdr
INVITATION HOMES INC,I2NV34,bdr
IPG PHOTONICS CORP,I1PG34,bdr
IQIYI INC,I1QY34,bdr
IQVIA HOLDINGS INC,I1QV34,bdr
IRON MOUNTAIN INC,I1RM34,bdr
Itron Inc,I2TR34,bdr
JABIL INC,J2BL34,bdr
JACK HENRY & ASSOCIATES INC,J1KH34,bdr
JACOBS ENGINEERING GROUP INC,J1EG34,bdr
JAZZ PHARMACEUTICALS PLC,J2AZ34,bdr
JB HUNT TRANSPORT SERVICES INC,J1BH34,bdr
JD.COM INC,JDCO34,bdr
JEFFERIES FINANCIAL GROUP INC,J1EF34,bdr
John Wiley & Sons Inc,J2WA34,bdr
JOHNSON & JOHNSON,JNJB34,bdr
JOHNSON CONTROLS INTERNATIONAL PLC,J1CI34,bdr
JPMORGAN CHASE & CO.,JPMC34,bdr
JUNIPER NETWORKS INC,J1NP34,bdr
KB FINANCIAL GROUP INC,K1BF34,bdr
KELLOGG CO,K1EL34,bdr
KEMPER CORP,KMPR34,bdr
KEYCORP,K1EY34,bdr
KEYSIGHT TECHNOLOGIES INC,K1SG34,bdr
KILROY REALTY CORP,K2RC34,bdr
KIMBERLY-CLARK CORP,KMBB34,bdr
KIMCO REALTY CORP,K1IM34,bdr
KINDER MORGAN INC,KMIC34,bdr
KINGSOFT CLOUD HOLDINGS LTD,K2CG34,bdr
KLA CORP,K1LA34,bdr
KOHLS CORP,K1SS34,bdr
KONINKLIJKE PHILIPS NV,PHGN34,bdr
KROGER CO,K1RC34,bdr
KT CORP,K1TC34,bdr
L3HARRIS TECHNOLOGIES INC,L1HX34,bdr
LABORATORY CORP OF AMERICA HOLDINGS,L1CA34,bdr
LAM RESEARCH CORP,L1RC34,bdr
LAMB WESTON HOLDINGS INC,L1WH34,bdr
LAS VEGAS SANDS CORPORATION,L1VS34,bdr
LATTICE SEMICONDUCTOR CORP,L2SC34,bdr
LEGGETT  PLATT INC,L1EG34,bdr
LEIDOS HOLDINGS INC,L1DO34,bdr
LENNAR CORP,L1EN34,bdr
LIBERTY BROADBAND CORP,LBRD34,bdr
LIBERTY GLOBAL PLC,L1BT34,bdr
LIBERTY GLOBAL PLC,L1BT35,bdr
LIBERTY MEDIA CORP,LSXM34,bdr
LIBERTY MEDIA CORP,LSXM35,bdr
LIFE STORAGE INC,L2SI34,bdr
LINCOLN NATIONAL CORP,L1NC34,bdr
LINDE PLC,L1IN34,bdr
LivaNova PLC,L2IV34,bdr
LIVE NATION ENTERTAINMENT INC,L1YV34,bdr
LKQ CORP,L1KQ34,bdr
LLOYDS BANKING GROUP PLC,L1YG34,bdr
LOCKHEED MARTIN CORPORATION,LMTB34,bdr
LOEWS CORP,L1OE34,bdr
London Stock Exchange Group,LSEG34,bdr
LOWES COMPANIES INC,LOWC34,bdr
LPL FINANCIAL HOLDINGS INC,L2PL34,bdr
LULULEMON ATHLETICA INC,L1UL34,bdr
"LUMEN TECHNOLOGIES, INC",L1MN34,bdr
Luminar Technologies Inc,L2AZ34,bdr
LyondellBasell Industries NV,L1YB34,bdr
M&T BANK CORP,M1TB34,bdr
MACYS INC.,MACY34,bdr
MARATHON OIL CORP,M1RO34,bdr
MARATHON PETROLEUM CORP,M1PC34,bdr
MARKEL CORP,MKLC34,bdr
MARKETAXESS HOLDINGS INC,M1KT34,bdr
MARRIOTT INTERNATIONAL INC,M1TT34,bdr
Marsh & McLennan Cos Inc,M1MC34,bdr
MARTIN MARIETTA MATERIALS INC,M1LM34,bdr
MARVELL TECHNOLOGY INC,M2RV34,bdr
MASCO CORP,M1AS34,bdr
MASIMO CORP,M2AS34,bdr
MASTERCARD INCORPORATED,MSCD34,bdr
MATCH GROUP INC,M1TC34,bdr
MCCORMICK & CO INC,M1KC34,bdr
MCDONALDS CORP.,MCDC34,bdr
MCKESSON CORP,M1CK34,bdr
MEDICAL PROPERTIES TRUST INC,M2PW34,bdr
MEDTRONIC PUBLIC LIMITED COMPANY,MDTC34,bdr
MELCO RESORTS & ENTERTAINMENT LTD,M1LC34,bdr
MERCADOLIBRE INC,MELI34,bdr
"MERCK & CO., INC.",MRCK34,bdr
"META PLATFORMS, INC.",M1TA34,bdr
METLIFE INC,METB34,bdr
METTLER-TOLEDO INTERNATIONAL INC,M1TD34,bdr
MGM RESORTS INTERNATIONAL,M1GM34,bdr
MICROCHIP TECHNOLOGY INC,M1CH34,bdr
MICRON TECHNOLOGY INC,MUTC34,bdr
MICROSOFT CORPORATION,MSFT34,bdr
MICROSTRATEGY INC,M2ST34,bdr
MID-AMERICA APARTMENT COMMUNITIES INC,M1AA34,bdr
MIRATI THERAPEUTICS INC,M2RT34,bdr
MITSUBISHI UFJ FINANCIAL GROUP INC,M1UF34,bdr
MKS INSTRUMENTS INC,M2KS34,bdr
Mobile TeleSystems Public Joint Stock Co.,M1BT34,bdr
MODERNA INC,M1RN34,bdr
MOHAWK INDUSTRIES INC,M1HK34,bdr
MOLSON COORS BREWING CO,M1CB34,bdr
"MONDELEZ INTERNATIONAL, INC",MDLZ34,bdr
MONGODB INC,M1DB34,bdr
MONOLITHIC POWER SYSTEMS INC,M2PR34,bdr
Monster Beverage Corp,M1NS34,bdr
MOODYS CORP,MCOR34,bdr
MORGAN STANLEY,MSBR34,bdr
MOTOROLA SOLUTIONS INC,M1SI34,bdr
MP MATERIALS CORP,M2PM34,bdr
MSCI INC,M1SC34,bdr
NASDAQ INC,N1DA34,bdr
NATIONAL GRID PLC,N1GG34,bdr
NATIONAL INSTRUMENTS CORP,N2AT34,bdr
NATWEST GROUP PLC,N1WG34,bdr
NETAPP INC,N1TA34,bdr
NETEASE INC,NETE34,bdr
"NETFLIX, INC.",NFLX34,bdr
NEUROCRINE BIOSCIENCES INC,N1BI34,bdr
NEW ORIENTAL EDUCATION & TECHNOLOGY GROUP INC,E1DU34,bdr
NEW RELIC INC,N2EW34,bdr
NEWELL BRANDS INC,N1WL34,bdr
NEWMONT CORP,N1EM34,bdr
NEWS CORP,N1WS35,bdr
NEWS CORP,N1WS34,bdr
NEXTERA ENERGY INC,NEXT34,bdr
NICE LTD,N1IC34,bdr
NIELSEN HOLDINGS PLC,N1LS34,bdr
NIKE INC,NIKE34,bdr
NISOURCE INC,N1IS34,bdr
NOKIA CORPORATION,NOKI34,bdr
NOMURA HOLDINGS INC,NMRH34,bdr
NORDSTROM INC,J1WN34,bdr
Norfolk Southern Corp,N1SC34,bdr
NORTHERN TRUST CORP,N1TR34,bdr
NORTHROP GRUMMAN CORP,NOCG34,bdr
NORTONLIFELOCK INC.,S1YM34,bdr
NORWEGIAN CRUISE LINE HOLDINGS LTD,N1CL34,bdr
NOV Inc,N1OV34,bdr
NOVARTIS AG,N1VS34,bdr
NOVO NORDISK A/S,N1VO34,bdr
NOVOCURE LTD,N2VC34,bdr
NRG ENERGY INC,N1RG34,bdr
NU HOLDINGS LTD.,NUBR33,bdr
Nucor Corp,N1UE34,bdr
NUTANIX INC,N2TN34,bdr
NVIDIA CORP,NVDC34,bdr
NVR INC,N1VR34,bdr
NXP SEMICONDUCTORS NV,N1XP34,bdr
OCCIDENTAL PETROLEUM CORP,OXYP34,bdr
OKTA INC,O1KT34,bdr
OLD DOMINION FREIGHT LINE INC,O1DF34,bdr
OMEGA HEALTHCARE INVESTORS INC,O2HI34,bdr
OMNICOM GROUP INC,O1MC34,bdr
ON SEMICONDUCTOR CORP,O2NS34,bdr
ONEOK Inc,O1KE34,bdr
ORACLE CORPORATION,ORCL34,bdr
OREILLY AUTOMOTIVE INC,ORLY34,bdr
ORIX CORP,I1XC34,bdr
OTIS WORLDWIDE CORPORATION,O1TI34,bdr
PACCAR INC,P1AC34,bdr
PACKAGING CORP OF AMERICA,P1KG34,bdr
Pagseguro Digital Ltd,PAGS34,bdr
PALANTIR TECHNOLOGIES INC,P2LT34,bdr
PALO ALTO NETWORKS INC,P2AN34,bdr
PARAMOUNT  GLOBAL,C1BS34,bdr
PARKER-HANNIFIN CORP,P1HC34,bdr
Paychex Inc,P1AY34,bdr
PAYCOM SOFTWARE INC,P1YC34,bdr
PAYLOCITY HOLDING CORP,P2CY34,bdr
PAYPAL HOLDINGS INC,PYPL34,bdr
PEGASYSTEMS INC,P2EG34,bdr
PENN NATIONAL GAMING INC,P2EN34,bdr
PENTAIR PLC,P1NR34,bdr
PENUMBRA INC,P2NB34,bdr
"PEPSICO, INC.",PEPB34,bdr
PERKINELMER INC,P1KI34,bdr
Perrigo Co PLC,P1RG34,bdr
PETROCHINA CO LTD,PTCH34,bdr
PFIZER INC.,PFIZ34,bdr
PHILIP MORRIS INTERNATIONAL INC,PHMO34,bdr
PHILLIPS 66,P1SX34,bdr
PINDUODUO INC,P1DD34,bdr
PINNACLE WEST CAPITAL CORP,P1NW34,bdr
PINTEREST INC,P2IN34,bdr
PIONEER NATURAL RESOURCES CO,P1IO34,bdr
PLANET FITNESS INC,P2LN34,bdr
PNC FINANCIAL SERVICES GROUP INC,PNCS34,bdr
POSCO Holdings Inc.,P1KX34,bdr
Post Holdings Inc,P2OS34,bdr
PowerSchool Holdings Inc,P2WS34,bdr
PPG Industries Inc,P1PG34,bdr
PPL CORP,P1PL34,bdr
PPLA PARTICIPATIONS LTD.,PPLA11,bdr
PRINCIPAL FINANCIAL GROUP INC,P1FG34,bdr
PROCORE TECHNOLOGIES INC,P2CO34,bdr
PROCTER & GAMBLE COMPANY,PGCO34,bdr
Prologis Inc,P1LD34,bdr
Prudential Financial Inc,P1DT34,bdr
PRUDENTIAL PLC,P1UK34,bdr
PT TELEKOMUNIKASI INDONESIA PERSERO TBK,T1LK34,bdr
PTC INC,P2TC34,bdr
Public Service Enterprise Group Inc,P1EG34,bdr
PUBLIC STORAGE,P1SA34,bdr
PULTEGROUP INC,P1HM34,bdr
PURE STORAGE INC,P2ST34,bdr
PVH CORP,P1VH34,bdr
QORVO INC,Q1RV34,bdr
QUALCOMM INC.,QCOM34,bdr
QUANTA SERVICES INC,Q1UA34,bdr
QUANTUMSCAPE CORP,Q2SC34,bdr
QUEST DIAGNOSTICS INC,Q1UE34,bdr
RALPH LAUREN CORP,R1LC34,bdr
RAPID7 INC,R2PD34,bdr
RAYMOND JAMES FINANCIAL INC,R1JF34,bdr
RAYTHEON TECHNOLOGIES CORPORATION,RYTT34,bdr
REALTY INCOME CORP,R1IN34,bdr
REDFIN CORPORATION,R2DF34,bdr
REGAL REXNORD CORP,R2RX34,bdr
REGENCY CENTERS CORP,R1EG34,bdr
REGENERON PHARMACEUTICALS INC,REGN34,bdr
REGIONS FINANCIAL CORP,R1FC34,bdr
RELX PLC,R1EL34,bdr
REPLIGEN CORP,R2GE34,bdr
REPUBLIC SERVICES INC,R1SG34,bdr
RESMED INC,R1MD34,bdr
RH,R2HH34,bdr
RINGCENTRAL INC,R2NG34,bdr
RIO TINTO PLC,RIOT34,bdr
ROBERT HALF INTERNATIONAL INC,R1HI34,bdr
Roblox Corporation,R2BL34,bdr
ROCKWELL AUTOMATION INC,R1OK34,bdr
ROKU INC,R1KU34,bdr
ROLLINS INC,R1OL34,bdr
ROPER TECHNOLOGIES INC,R1OP34,bdr
"ROSS STORES, INC.",ROST34,bdr
Royal Bank of Canada,RYBD34,bdr
ROYAL CARIBBEAN GROUP,R1CL34,bdr
RYANAIR HOLDINGS PLC,R1YA34,bdr
S&P GLOBAL INC,SPGI34,bdr
"Salesforce, Inc.",SSFO34,bdr
SAP SE,SAPP34,bdr
SAREPTA THERAPEUTICS INC,S1RP34,bdr
SBA COMMUNICATIONS CORP,S1BA34,bdr
SCHLUMBERGER LIMITED,SLBG34,bdr
SEA LTD,S2EA34,bdr
Seagate Technology Holdings Plc,S1TX34,bdr
SEAGEN INC.,S1GE34,bdr
SEALED AIR CORP,S1EA34,bdr
SEI INVESTMENTS CO,S2EI34,bdr
SEMPRA,S1RE34,bdr
SERVICENOW INC,N1OW34,bdr
Shockwave Medical Inc,S2WA34,bdr
SHOPIFY INC,S2HO34,bdr
SIBANYE STILLWATER LTD,S1BS34,bdr
SIGNATURE BANK CORP,SBNY34,bdr
SILICON LABORATORIES INC,S2LA34,bdr
SIMON PROPERTY GROUP INC,SIMN34,bdr
SIRIUS XM HOLDINGS INC,SRXM34,bdr
SK TELECOM CO LTD,S1KM34,bdr
SKYWORKS SOLUTIONS INC,S1SL34,bdr
SL GREEN REALTY CORP,S1LG34,bdr
SMARTSHEET INC,S2MA34,bdr
SMITH & NEPHEW PLC,S1NN34,bdr
SNAP INC,S2NA34,bdr
SNAP-ON INC,S1NA34,bdr
SNOWFLAKE INC,S2NW34,bdr
SOCIEDAD QUIMICA Y MINERA DE CHILE SA,S2CH34,bdr
SOLAREDGE TECHNOLOGIES INC,S2ED34,bdr
SONY GROUP CORPORATION,SNEC34,bdr
SOUTHWEST AIRLINES CO,S1OU34,bdr
SPLUNK INC,S1PL34,bdr
SPOTIFY TECHNOLOGY SA,S1PO34,bdr
Sprouts Farmers Market Inc,S2FM34,bdr
Squarespace Inc,S2QS34,bdr
SS&C TECHNOLOGIES HOLDINGS INC,S1SN34,bdr
STAG INDUSTRIAL INC,S2TA34,bdr
Standard Chartered,STCH34,bdr
STANLEY BLACK & DECKER INC,S1WK34,bdr
STARBUCKS CORPORATION,SBUB34,bdr
STARWOOD PROPERTY TRUST INC,S2TW34,bdr
STATE STREET CORP,S1TT34,bdr
STERIS PLC,S1TE34,bdr
STMICROELECTRONICS NV,STMN34,bdr
STONECO LTD.,STOC31,bdr
STORE Capital Corp,S2TO34,bdr
Stride Inc,L2RN34,bdr
STRYKER CORP,S1YK34,bdr
SUMITOMO MITSUI FINANCIAL GROUP INC,S1MF34,bdr
SUN COMMUNITIES INC,S2UI34,bdr
SVB FINANCIAL GROUP,S1IV34,bdr
SWITCH INC,S2WC34,bdr
SYNAPTICS INC,S2YN34,bdr
SYNCHRONY FINANCIAL,S1YF34,bdr
SYNOPSYS INC,S1NP34,bdr
SYSCO CORP,S1YY34,bdr
T ROWE PRICE GROUP INC,T1RO34,bdr
TAIWAN SEMICONDUCTOR MANUFACTURING CO LTD,TSMC34,bdr
TAKEDA PHARMACEUTICAL CO LTD,TAKP34,bdr
TAKE-TWO INTERACTIVE SOFTWARE INC,T1TW34,bdr
TAL EDUCATION GROUP,T1AL34,bdr
TANDEM DIABETES CARE INC,T2ND34,bdr
TAPESTRY INC,TPRY34,bdr
TARGET CORP,TGTB34,bdr
TE CONNECTIVITY LTD,T1EL34,bdr
TechnipFMC PLC,T1EC34,bdr
TELADOC HEALTH INC,T2DH34,bdr
TELEFLEX INC,T1FX34,bdr
TELEFONICA SA,TLNC34,bdr
Tempur Sealy International Inc,T2PX34,bdr
TENARIS SA,T1SS34,bdr
TERADYNE INC,T2ER34,bdr
TERNIUM SA,TXSA34,bdr
Tesco,TCCO34,bdr
"TESLA, INC",TSLA34,bdr
TEVA PHARMACEUTICAL INDUSTRIES LTD,T1EV34,bdr
TEXAS INSTRUMENTS INC.,TEXA34,bdr
TEXTRON INC,T1XT34,bdr
THE BANK OF NEW YORK MELLON CORPORATION,BONY34,bdr
SCOTIABANK,BNSB34,bdr
THE BOEING COMPANY,BOEI34,bdr
THE CHARLES SCHWAB CORPORATION,SCHW34,bdr
THE COCA-COLA COMPANY,COCA34,bdr
"THE GAP, INC.",GPSI34,bdr
The Hain Celestial Group Inc,H2AI34,bdr
THE HERSHEY COMPANY,HSHY34,bdr
"THE HOME DEPOT, INC.",HOME34,bdr
THE JM SMUCKER CO,S1JM34,bdr
THE KRAFT HEINZ COMPANY,KHCB34,bdr
THE MOSAIC COMPANY,MOSC34,bdr
The Progressive Corp,P1GR34,bdr
THE SHERWIN-WILLIAMS CO,S1HW34,bdr
THE SOUTHERN CO,T1SO34,bdr
THE TRADE DESK INC,T2TD34,bdr
"THE TRAVELERS COMPANIES, INC",TRVC34,bdr
THE WALT DISNEY COMPANY,DISB34,bdr
THE WESTERN UNION COMPANY,WUNI34,bdr
THE WILLIAMS COS INC,W1MB34,bdr
"THERMO FISHER SCIENTIFIC, INC.",TMOS34,bdr
Thomson Reuters,THRE34,bdr
TJX COMPANIES INC,TJXC34,bdr
T-MOBILE US INC,T1MU34,bdr
TOYOTA MOTOR CORP.,TMCO34,bdr
TRACTOR SUPPLY CO,T1SC34,bdr
TRANE TECHNOLOGIES PLC,I1RP34,bdr
TRANSDIGM GROUP INC,T1DG34,bdr
TRANSOCEAN LTD.,RIGG34,bdr
TREX CO INC,T2RE34,bdr
TRIMBLE INC,T2RM34,bdr
TRIP.COM GROUP LIMITED,CRIP34,bdr
TRIPADVISOR INC,T1RI34,bdr
TRUIST FINANCIAL CORPORATION,B1BT34,bdr
TuSimple Holdings Inc,T2SP34,bdr
TWILIO INC,T1WL34,bdr
"TWITTER, INC.",TWTR34,bdr
TYLER TECHNOLOGIES INC,T2YL34,bdr
TYSON FOODS INC,TSNF34,bdr
U.S. BANCORP,USBC34,bdr
UBER TECHNOLOGIES INC,U1BE34,bdr
UBS GROUP AG,UBSG34,bdr
UDR INC,U1DR34,bdr
UiPath Inc,P2AT34,bdr
ULTA BEAUTY INC,U1LT34,bdr
ULTRAGENYX PHARMACEUTICAL INC,R2AR34,bdr
UNDER ARMOUR INC,U1AI34,bdr
UNILEVER PLC,ULEV34,bdr
UNION PACIFIC CORPORATION,UPAC34,bdr
UNITED AIRLINES HOLDINGS INC,U1AL34,bdr
United Natural Foods Inc,U2NF34,bdr
"UNITED PARCEL SERVICE, INC.",UPSS34,bdr
UNITED RENTALS INC,U1RI34,bdr
UNITED STATES STEEL CORPORATION,USSX34,bdr
UNITEDHEALTH GROUP INC,UNHH34,bdr
UNITY SOFTWARE INC,U2ST34,bdr
UNIVERSAL DISPLAY CORP,O2LE34,bdr
UNIVERSAL HEALTH SERVICES INC,U1HS34,bdr
UNUM GROUP,U1NM34,bdr
UPSTART HOLDINGS INC,U2PS34,bdr
Upwork Inc,U2PW34,bdr
VALERO ENERGY CORPORATION,VLOE34,bdr
VALLEY NATIONAL BANCORP,VLYB34,bdr
VARONIS SYSTEMS INC,V2RN34,bdr
Veeva Systems Inc,V2EE34,bdr
VENTAS INC,V1TA34,bdr
VERISIGN INC,VRSN34,bdr
VERISK ANALYTICS INC,V1RS34,bdr
VERIZON COMMUNICATIONS INC.,VERZ34,bdr
VERTEX PHARMACEUTICALS INC,VRTX34,bdr
VF CORP,VFCO34,bdr
Vimeo Inc,V2ME34,bdr
VIPSHOP HOLDINGS LTD,V1IP34,bdr
VISA INC.,VISA34,bdr
Vivint Smart Home Inc,V2VN34,bdr
VMWARE INC,V2MW34,bdr
VODAFONE GROUP PUBLIC LTD COMPANY,V1OD34,bdr
VORNADO REALTY TRUST,V1NO34,bdr
VULCAN MATERIALS CO,V1MC34,bdr
WABTEC CORP,W1AB34,bdr
WALGREENS BOOTS ALLIANCE INC,WGBA34,bdr
WALMART INC.,WALM34,bdr
"WARNER BROS. DISCOVERY, INC..",W1BD34,bdr
WARNER MUSIC GROUP CORPORATION,W1MG34,bdr
WASTE MANAGEMENT INC,W1MC34,bdr
WATERS CORP,WATC34,bdr
WATSCO INC,W1SO34,bdr
Wayfair Inc,W2YF34,bdr
WEC ENERGY GROUP INC,W1EC34,bdr
WEIBO CORP,W1BO34,bdr
Wells Fargo & Company,WFCO34,bdr
WELLTOWER INC,W1EL34,bdr
West Pharmaceutical Services Inc,W2ST34,bdr
WESTERN ALLIANCE BANCORPORATION,WABC34,bdr
WESTERN DIGITAL CORP,W1DC34,bdr
WESTROCK CO,W1RK34,bdr
WEX INC,W2EX34,bdr
WEYERHAEUSER CO,W1YC34,bdr
WHIRLPOOL CORP,W1HR34,bdr
WILLIS TOWERS WATSON PLC,W1LT34,bdr
WIX.COM LTD,W1IX34,bdr
WOLFSPEED INC,W2OL34,bdr
WORKDAY INC,W1DA34,bdr
WPP PLC,W1PP34,bdr
WR BERKLEY CORPORATION,W1RB34,bdr
WW GRAINGER INC,G1WW34,bdr
WYNN RESORTS LTD,W1YN34,bdr
XCEL ENERGY INC,X1EL34,bdr
XEROX HOLDINGS CORPORATION,XRXB34,bdr
XP INC.,XPBR31,bdr
XYLEM INC,X1YL34,bdr
YUM BRANDS INC,YUMR34,bdr
ZEBRA TECHNOLOGIES CORPORATION,Z1BR34,bdr
Zendesk Inc,Z2EN34,bdr
ZIFF DAVIS INC,Z2DV34,bdr
Zillow Group Inc,Z2LL34,bdr
Zillow Group Inc,Z2LL35,bdr
ZIMMER BIOMET HOLDINGS INC,Z1BH34,bdr
ZIONS BANCORPORATION NA,Z1IO34,bdr
ZOETIS INC,Z1TS34,bdr
ZOOM VIDEO COMMUNICATIONS INC,Z1OM34,bdr
ZOOMINFO TECHNOLOGIES INC,Z2IT34,bdr
ZSCALER INC,Z2SC34,bdr
ZTO EXPRESS CAYMAN INC,Z1TO34,bdr
FIAGRO VGIA,VGIA11,fii
FII FIAGRO VGIA,VGIA11,fii
VGIA,VGIA11,fii
FIAGRO,VGIA11,fii
BTLG,BTLG11,fii
IRIDIUM,IRDM11,fii
ATIVO,TGAR11,fii
TAEE,TAEE11,acao
FII CSHG LOG,HGLG11,fii
CSHG LOG,HGLG11,fii
FII CSHG,HGLG11,fii
CSHG,HGLG11,fii
FF BC FFII,BCFF11,fii
BC FFII,BCFF11,fii
FFII,BCFF11,fii
